﻿{
	"name": "New project",
	"version": "1.0.0.0",
	"description": "",
	"id": "",
	"viewport-width": 854,
	"viewport-height": 480,
	"author": "",
	"email": "",
	"website": "",
	"orientations": "any",
	"c2version": "280",
	"ife": false,
	"used-plugins": [
		"Audio",
		"Keyboard",
		"Mouse",
		"Sprite",
		"Spritefont2",
		"Text",
		"TextBox",
		"TiledBg",
		"shadowlight"
	],
	"used-behaviors": [
		"LOS",
		"Pin",
		"Platform",
		"Turret",
		"scrollto",
		"shadowcaster",
		"solid"
	]
}